{
	"class_name" : "PinholeCameraParameters",
	"extrinsic" : 
	[
		0.92658204601499139,
		0.27674952980024764,
		-0.25466725301462395,
		0.0,
		0.37081238717978582,
		-0.55918732587953091,
		0.74149019419661111,
		0.0,
		0.062800362393072962,
		-0.78148527326562034,
		-0.62075509031522047,
		0.0,
		-9.5792445997792441,
		48.468780181231054,
		111.97933850010222,
		1.0
	],
	"intrinsic" : 
	{
		"height" : 1061,
		"intrinsic_matrix" : 
		[
			918.85295341528945,
			0.0,
			0.0,
			0.0,
			918.85295341528945,
			0.0,
			959.5,
			530.0,
			1.0
		],
		"width" : 1920
	},
	"version_major" : 1,
	"version_minor" : 0
}